{
  "hash": "94f75b2e",
  "configHash": "6cfa0535",
  "lockfileHash": "a266a497",
  "browserHash": "6a87c795",
  "optimized": {
    "@angular/common": {
      "src": "../../../../../../node_modules/@angular/common/fesm2022/common.mjs",
      "file": "@angular_common.js",
      "fileHash": "9c9bde2b",
      "needsInterop": false
    },
    "@angular/common/http": {
      "src": "../../../../../../node_modules/@angular/common/fesm2022/http.mjs",
      "file": "@angular_common_http.js",
      "fileHash": "e8be1074",
      "needsInterop": false
    },
    "@angular/core": {
      "src": "../../../../../../node_modules/@angular/core/fesm2022/core.mjs",
      "file": "@angular_core.js",
      "fileHash": "da5bcdff",
      "needsInterop": false
    },
    "@angular/forms": {
      "src": "../../../../../../node_modules/@angular/forms/fesm2022/forms.mjs",
      "file": "@angular_forms.js",
      "fileHash": "bc494b11",
      "needsInterop": false
    },
    "@angular/platform-browser": {
      "src": "../../../../../../node_modules/@angular/platform-browser/fesm2022/platform-browser.mjs",
      "file": "@angular_platform-browser.js",
      "fileHash": "342bb7ef",
      "needsInterop": false
    },
    "@angular/router": {
      "src": "../../../../../../node_modules/@angular/router/fesm2022/router.mjs",
      "file": "@angular_router.js",
      "fileHash": "b7dd5f8c",
      "needsInterop": false
    },
    "tslib": {
      "src": "../../../../../../node_modules/tslib/tslib.es6.mjs",
      "file": "tslib.js",
      "fileHash": "dbb8bd2a",
      "needsInterop": false
    }
  },
  "chunks": {
    "chunk-4XKU4EEC": {
      "file": "chunk-4XKU4EEC.js"
    },
    "chunk-4N5RZKQD": {
      "file": "chunk-4N5RZKQD.js"
    },
    "chunk-SOXKOGUC": {
      "file": "chunk-SOXKOGUC.js"
    },
    "chunk-RCQQIOMA": {
      "file": "chunk-RCQQIOMA.js"
    },
    "chunk-RZMHAZ62": {
      "file": "chunk-RZMHAZ62.js"
    },
    "chunk-4FRP4S3T": {
      "file": "chunk-4FRP4S3T.js"
    }
  }
}